datetime_beginning,AECO,AEPAPT,AEPIMP,AEPKPT,AEPOPT,AP,BC,CE,DAY,DEOK,DOM,DPLCO,DUQ,EASTON,EKPC,JC,ME,OE,PAPWR,PE,PEPCO,PLCO,PN,PS,RECO,RTO,SMECO,UGI,VMEU
10/1/2019 0:00,1149.728,5204.754,3894.722,825.0060000000001,8445.97,6168.811,3842.49,15156.733999999999,2739.0,4428.844,12471.935,2127.778,1923.358,28.828000000000003,2053.426,2623.7009999999996,1826.6529999999998,8808.679,608.758,4463.53,3188.829,4386.379,2081.24,5064.181,171.429,104366.787,432.16,111.273,85.59100000000001
10/1/2019 1:00,1080.191,4861.463,3737.1820000000002,763.8960000000001,7884.111,5802.88,3629.692,14710.823999999999,2554.0,4140.692,11697.421999999999,1986.749,1811.1589999999999,26.206999999999997,1871.1529999999998,2456.617,1733.046,8299.113000000001,591.654,4255.753,3029.7929999999997,4154.649,1970.4879999999998,4831.289000000001,161.779,98672.29,394.398,104.84100000000001,81.249
10/1/2019 2:00,996.1510000000001,4490.395,3469.489,712.285,7230.8859999999995,5361.45,3341.947,13973.517,2334.0,3791.257,10754.468,1818.372,1682.2279999999998,23.732,1641.162,2254.0429999999997,1601.896,7678.626,544.398,3956.0209999999997,2787.9829999999997,3870.8720000000003,1848.5079999999998,4521.6720000000005,148.05200000000002,91401.284,348.08,94.725,75.069
10/1/2019 3:00,910.2660000000001,4158.249,3200.8959999999997,662.7560000000001,6643.441999999999,4947.498,3048.083,12871.543,2147.0,3472.5429999999997,9879.848,1668.6229999999998,1544.422,21.166,1495.642,2057.08,1489.805,7072.713000000001,505.616,3656.65,2583.5460000000003,3638.946,1723.785,4215.577,133.981,84251.68699999999,304.858,85.631,69.52199999999999
10/1/2019 4:00,849.1560000000001,3867.1279999999997,2949.216,614.61,6142.933000000001,4671.205,2810.281,11758.653,1985.0,3188.9970000000003,9256.463,1547.386,1433.384,19.602999999999998,1362.8029999999999,1875.0810000000001,1439.924,6668.62,467.791,3432.7329999999997,2391.1710000000003,3472.843,1637.92,3939.2690000000002,123.428,78356.397,274.23,79.21300000000001,65.35600000000001
10/1/2019 5:00,807.7339999999999,3688.914,2763.345,584.0509999999999,5834.5419999999995,4461.017,2673.013,10942.583999999999,1865.0,3003.761,8866.181,1488.408,1354.388,19.016,1285.955,1817.135,1391.674,6355.03,438.5,3239.3540000000003,2280.587,3373.914,1607.77,3788.7790000000005,117.77799999999999,74480.61,257.224,75.124,63.832
10/1/2019 6:00,778.3810000000001,3560.1459999999997,2732.027,562.077,5577.276,4361.57,2586.623,10300.623,1771.0,2868.038,8668.324,1450.191,1308.996,18.005,1228.875,1769.5970000000002,1355.372,6159.669,429.634,3184.239,2208.081,3299.724,1575.8110000000001,3699.0040000000004,115.08200000000001,71991.856,248.87,73.732,62.888999999999996
10/1/2019 7:00,765.475,3506.045,2680.24,546.3290000000001,5478.185,4343.63,2557.7729999999997,9891.509,1723.0,2793.542,8582.774,1437.082,1290.722,18.512999999999998,1164.887,1770.595,1358.9820000000002,6024.816,429.47900000000004,3153.4179999999997,2212.4320000000002,3298.8979999999997,1573.016,3657.994,114.25,70787.131,247.12099999999998,73.077,62.347
10/1/2019 8:00,807.997,3534.281,2774.38,544.726,5505.488,4414.246,2607.032,9696.558,1733.0,2765.1479999999997,8742.729,1465.193,1309.711,17.991,1181.81,1798.236,1394.114,6056.7480000000005,438.06800000000004,3236.538,2270.4570000000003,3367.301,1607.3410000000001,3684.9390000000003,115.921,71498.083,258.013,74.241,63.876000000000005
10/1/2019 9:00,837.7360000000001,3661.5440000000003,2950.512,551.265,5786.316999999999,4605.404,2804.81,9819.46,1816.0,2890.697,9323.582,1577.195,1385.253,19.594,1227.587,1925.326,1506.154,6401.593000000001,453.348,3466.552,2479.9120000000003,3612.157,1716.463,3900.903,123.836,75319.944,288.587,81.655,68.502
10/1/2019 10:00,925.255,3989.3109999999997,3201.223,594.389,6292.548000000001,5015.657,3187.1,10442.175,2024.0,3149.165,10342.687,1784.231,1497.649,23.105999999999998,1331.361,2159.133,1677.045,7034.883000000001,505.94800000000004,3838.21,2836.373,4106.008,1907.082,4316.6720000000005,138.72899999999998,82869.99900000001,332.05,95.29799999999999,74.711
10/1/2019 11:00,965.8,4152.59,3402.86,615.5840000000001,6535.14,5237.348,3328.3390000000004,11528.573999999999,2131.0,3276.402,10835.944,1865.2579999999998,1581.3529999999998,25.218000000000004,1364.1529999999998,2298.527,1756.3239999999998,7402.445,526.694,4162.170999999999,3007.848,4371.58,2032.195,4587.391,153.62,87714.62800000001,345.876,103.12899999999999,78.265
10/1/2019 12:00,973.565,4225.6140000000005,3410.131,629.804,6703.598000000001,5365.981,3401.313,12202.76,2175.0,3354.301,11060.118,1889.664,1648.3139999999999,27.254,1379.589,2382.757,1785.2979999999998,7601.8,541.737,4296.845,3097.114,4470.894,2063.659,4742.254,164.105,90162.28199999999,343.23400000000004,106.60600000000001,77.973
10/1/2019 13:00,974.563,4383.59,3574.789,658.461,7083.731,5528.675,3494.415,12947.106000000002,2328.0,3579.2290000000003,11405.525,1935.932,1754.144,29.79,1387.8210000000001,2365.1079999999997,1811.1989999999998,8077.343000000001,576.09,4341.639,3266.184,4485.683,2122.138,4836.568,171.264,93707.67599999999,354.473,108.557,76.65899999999999
10/1/2019 14:00,958.0060000000001,4679.875,3769.3979999999997,709.566,7653.735,5911.358,3662.907,13557.393999999998,2496.0,3916.135,11882.88,2006.766,1896.004,30.339000000000002,1520.531,2410.493,1863.281,8696.011,619.078,4505.54,3318.591,4589.3279999999995,2226.949,4944.082,174.235,98616.70199999999,377.065,111.51100000000001,79.64399999999999
10/1/2019 15:00,972.0989999999999,5022.513,3925.0290000000005,779.585,8237.85,6193.968000000001,3857.775,14146.225,2671.0,4241.985,12565.729,2102.387,2032.76,32.888000000000005,1730.0179999999998,2488.501,1890.531,9214.029,681.753,4664.274,3513.886,4633.977,2286.76,4978.818,178.803,103696.038,403.63,111.72,83.545
10/1/2019 16:00,987.255,5373.0019999999995,4013.05,851.582,8717.267,6590.187,4085.188,14979.893999999998,2827.0,4478.27,13196.138,2230.475,2177.376,34.864000000000004,1854.754,2567.452,1958.9379999999999,9797.203000000001,713.872,4851.521,3711.3559999999998,4725.316,2347.244,5080.021,184.085,109022.80300000001,441.00800000000004,112.80799999999999,77.67699999999999
10/1/2019 17:00,1059.809,5709.029,4217.204000000001,894.6460000000001,9146.942,6964.733,4362.626,15862.488000000001,2937.0,4649.47,14004.383999999998,2382.425,2285.216,37.045,1930.1960000000001,2720.018,2043.6570000000002,10210.479,754.058,5087.232,3804.54,4923.77,2425.0229999999997,5329.4890000000005,194.245,114665.56800000001,481.17400000000004,113.273,79.39699999999999
10/1/2019 18:00,1146.453,5921.549,4210.7970000000005,930.529,9293.045,7284.934,4625.168,16405.653000000002,3021.0,4806.929,14710.621000000001,2530.493,2331.757,39.043,2007.4520000000002,2937.489,2130.7670000000003,10411.946,769.195,5346.397,3967.097,5055.442,2441.335,5656.624,207.734,118967.862,518.611,114.814,86.988
10/1/2019 19:00,1262.432,6061.456,4172.337,928.215,9435.351999999999,7482.771,4851.454000000001,16851.066000000003,3031.0,4865.2570000000005,15254.123,2614.756,2368.371,40.067,2051.7929999999997,3218.58,2204.917,10501.093,768.692,5553.089,4160.646,5178.323,2419.303,6026.526,219.333,122346.34599999999,554.255,117.671,94.46799999999999
10/1/2019 20:00,1368.741,6125.226,4240.659000000001,946.701,9416.948,7590.95,4994.542,16885.631999999998,3042.0,4866.2029999999995,15629.103000000001,2698.724,2389.764,41.133,2117.552,3468.452,2278.346,10456.608,754.53,5754.035,4255.899,5309.665,2411.974,6367.446999999999,229.007,124500.487,582.497,121.189,100.96
10/1/2019 21:00,1425.6270000000002,6049.816999999999,4143.219,930.7610000000001,9398.179,7594.585999999999,5019.135,16800.088,3027.0,4840.161,15712.01,2712.7209999999995,2371.72,39.566,2111.855,3551.4709999999995,2306.104,10298.563,740.872,5775.31,4271.884,5340.06,2428.841,6538.382,231.646,124539.094,591.846,122.945,105.725
10/1/2019 22:00,1419.254,5836.616999999999,4167.269,878.6669999999999,9119.485,7335.703,4857.985,16445.284,2933.0,4727.197,15251.66,2628.605,2302.863,38.063,2076.013,3573.192,2278.047,10082.45,729.515,5683.034000000001,4083.4570000000003,5270.8330000000005,2383.021,6501.821999999999,230.195,121682.681,566.354,122.40299999999999,104.693
10/1/2019 23:00,1418.5420000000001,5695.985,4010.6409999999996,842.319,8852.971,7228.39,4828.702,16099.303999999998,2848.0,4575.012,15068.196000000002,2598.965,2244.019,36.552,2059.403,3527.795,2276.494,9916.793,742.885,5651.3369999999995,4021.757,5331.315,2380.112,6538.7919999999995,229.03400000000002,119876.22300000001,559.1080000000001,128.969,102.831
10/2/2019 0:00,1354.366,5488.552,3929.87,812.112,8567.627,6960.269,4619.707,16057.055,2743.0,4400.359,14345.055,2465.22,2149.609,33.452,1983.41,3347.9240000000004,2196.946,9578.475,710.89,5478.048000000001,3851.315,5136.037,2319.1220000000003,6334.467,218.91400000000002,115887.875,525.123,125.97,98.98100000000001
10/2/2019 1:00,1268.629,5111.6359999999995,3773.888,763.307,7972.979,6476.243,4300.543,15564.487,2556.0,4133.905,13257.956,2279.895,2028.911,30.849,1836.773,3102.2540000000004,2064.444,8989.13,666.148,5176.898,3600.546,4825.312,2188.676,6001.306,204.372,108922.67300000001,474.50300000000004,118.509,92.574
10/2/2019 2:00,1155.5330000000001,4668.9,3451.865,715.8430000000001,7271.875,5996.555,3899.323,14850.983,2317.0,3791.645,12124.94,2094.916,1865.899,27.721,1643.743,2791.384,1906.191,8189.951999999999,603.226,4747.452,3342.0679999999998,4449.1179999999995,2017.714,5555.8330000000005,185.824,100313.961,412.916,107.102,85.44
10/2/2019 3:00,1048.812,4292.755,3256.8740000000003,661.565,6625.026999999999,5454.548000000001,3529.672,13798.848999999998,2136.0,3495.19,11126.443000000001,1902.509,1719.6129999999998,25.214000000000002,1449.41,2494.717,1743.7,7518.226,548.589,4381.768,3081.667,4152.532,1884.001,5123.222,166.822,92194.41,361.286,95.777,78.622
10/2/2019 4:00,971.704,3972.7909999999997,3105.5229999999997,612.342,6190.911999999999,5075.279,3255.934,12817.721000000001,2000.0,3221.219,10380.544,1759.5510000000002,1598.904,23.136,1295.274,2288.4629999999997,1652.276,6978.639,508.44300000000004,4067.026,2830.684,3906.163,1771.832,4760.187,152.033,85721.49900000001,324.531,88.27600000000001,74.112
10/2/2019 5:00,920.429,3774.7729999999997,2944.01,578.396,5810.496,4908.039000000001,3068.967,11761.686000000002,1883.0,3025.8320000000003,9817.585,1670.3929999999998,1504.395,22.08,1234.594,2156.4610000000002,1572.77,6531.581,477.464,3853.1540000000005,2728.344,3734.509,1686.756,4515.917,143.1,80813.834,301.406,83.552,71.145
10/2/2019 6:00,878.1189999999999,3624.605,2897.917,551.747,5619.629,4685.431,2956.0290000000005,10727.175,1792.0,2868.58,9447.758,1627.3110000000001,1442.039,21.621,1151.476,2069.615,1523.605,6399.3769999999995,465.249,3750.991,2600.214,3645.2509999999997,1608.8370000000002,4395.643,137.95,77358.93400000001,288.301,81.818,69.646
10/2/2019 7:00,880.8760000000001,3556.6659999999997,2807.183,540.781,5478.29,4634.782,2901.8190000000004,10084.277,1740.0,2811.015,9264.721,1608.1860000000001,1409.41,21.118000000000002,1140.2930000000001,2044.1879999999999,1505.149,6203.08,454.955,3677.599,2552.697,3599.509,1593.793,4305.69,135.02100000000002,75420.879,283.058,80.122,68.601
10/2/2019 8:00,882.047,3544.7859999999996,2786.3109999999997,540.561,5498.86,4664.223,2928.574,9823.448,1744.0,2818.5440000000003,9382.92,1629.842,1408.2220000000002,21.588,1097.652,2046.875,1533.606,6224.866,464.32199999999995,3705.167,2632.718,3645.8520000000003,1668.5729999999999,4332.617,136.03,75639.159,292.716,81.245,69.994
10/2/2019 9:00,929.296,3655.308,2894.053,547.428,5771.343000000001,4965.543,3118.8390000000004,9837.601,1843.0,2917.478,9908.321,1748.224,1471.057,22.096,1099.355,2186.9179999999997,1626.38,6475.387,476.63,3952.9709999999995,2788.865,3916.8920000000003,1768.31,4560.73,144.422,79148.064,323.732,88.90299999999999,74.982
10/2/2019 10:00,1038.239,3960.301,3098.2340000000004,586.06,6326.5830000000005,5327.909000000001,3523.08,10313.065,2054.0,3176.2270000000003,10868.732,1969.513,1566.4720000000002,26.256,1214.4089999999999,2499.136,1809.684,7186.5380000000005,522.783,4394.259,3183.578,4406.665,1985.2720000000002,5003.456,162.369,86795.602,366.695,102.01100000000001,82.07600000000001
10/2/2019 11:00,1085.985,4118.845,3245.617,604.297,6682.571,5538.7880000000005,3680.435,11130.223999999998,2189.0,3324.158,11328.151000000002,2048.843,1656.7179999999998,28.898000000000003,1248.67,2624.962,1886.6070000000002,7573.581999999999,542.821,4709.077,3349.571,4660.869000000001,2076.8779999999997,5308.789000000001,179.055,91438.024,378.191,109.35700000000001,85.065
10/2/2019 12:00,1110.867,4247.237,3269.223,615.0830000000001,6722.934,5605.415,3812.495,11593.382,2240.0,3360.237,11640.952,2119.091,1722.256,32.5,1208.4589999999998,2776.903,1957.556,7749.124,565.052,4951.269,3460.2870000000003,4788.238,2148.502,5534.460999999999,192.625,94054.5,386.20099999999996,113.95700000000001,87.194
10/2/2019 13:00,1135.269,4424.219,3240.6620000000003,641.844,6998.5019999999995,5921.302,4038.637,11653.948999999999,2349.0,3615.438,12236.419,2259.453,1799.819,35.004,1315.82,2957.199,2063.117,8040.491,578.828,5226.122,3658.119,5015.708,2209.754,5845.331,208.93599999999998,98127.508,408.075,118.45299999999999,85.038
10/2/2019 14:00,1199.15,4731.0,3395.117,684.198,7631.547,6241.733,4417.915,11657.957,2529.0,3871.703,13320.221000000001,2413.448,1860.825,37.56,1432.43,3216.3540000000003,2209.197,8552.009,604.311,5606.444,3908.84,5292.869000000001,2269.755,6257.295,226.393,104285.01699999999,452.985,125.885,89.876
10/2/2019 15:00,1310.162,5120.77,3472.047,745.623,8150.255999999999,6581.776999999999,4797.633,11671.05,2676.0,4123.692,14469.103000000001,2660.093,1986.8220000000001,41.732,1610.5410000000002,3537.742,2345.343,8955.58,648.965,6042.161999999999,4156.241,5581.395,2324.946,6630.026,244.22799999999998,110683.58,514.9830000000001,132.246,97.42200000000001
10/2/2019 16:00,1451.741,5475.15,3352.472,817.04,8595.216999999999,7053.99,5047.557,11649.018,2820.0,4434.501,15665.162,2905.317,2132.4339999999997,44.788999999999994,1779.4,3913.8909999999996,2447.625,9180.056999999999,687.635,6406.722,4297.375,5758.1269999999995,2342.251,7108.525,268.476,116502.98199999999,576.587,135.094,102.829
10/2/2019 17:00,1581.754,5715.003000000001,3544.925,867.206,8882.053,7328.076999999999,5231.24,11582.908000000001,2954.0,4646.443,16485.928,3079.8540000000003,2217.474,47.821999999999996,1896.8570000000002,4252.039000000001,2492.87,9352.325,684.809,6677.181,4479.896,5895.93,2372.56,7569.576,290.428,121053.65400000001,619.3969999999999,138.43,110.669
10/2/2019 18:00,1727.016,5818.5380000000005,3532.539,902.307,8876.028,7485.431,5305.3730000000005,11570.92,3039.0,4788.813,16989.914,3203.3,2251.938,49.468,1982.517,4551.009,2510.927,9175.095,706.4060000000001,6764.318,4500.2970000000005,5937.309,2354.5029999999997,7938.543000000001,303.985,123236.18699999999,652.244,144.41299999999998,118.036
10/2/2019 19:00,1823.151,5946.168000000001,3461.8709999999996,922.5889999999999,8990.053,7622.951999999999,5502.797,11414.729,3084.0,4898.795999999999,17472.619,3243.3940000000002,2253.054,50.42100000000001,2068.743,4708.878,2546.57,9008.523000000001,709.914,6738.281,4595.754,5968.476,2349.4829999999997,8125.419,287.152,124799.136,675.585,145.30700000000002,127.45700000000001
10/2/2019 20:00,1828.8370000000002,6026.558000000001,3521.9829999999997,931.5369999999999,9073.744,7680.849,5722.177,11260.61,3098.0,4957.417,17793.543,3276.9120000000003,2271.596,48.788999999999994,2137.835,4737.741,2564.135,8723.866,713.753,6804.238,4744.209,5974.476,2323.149,8129.335999999999,282.182,125660.01800000001,700.9110000000001,143.086,124.54899999999999
10/2/2019 21:00,1872.567,6010.96,3672.573,921.028,9210.665,7606.853,5666.791,11152.728000000001,3046.0,4931.293,17723.523999999998,3262.8179999999998,2248.185,47.36,2126.5589999999997,4680.791,2543.531,8401.051,691.686,6787.555,4674.27,5901.378000000001,2333.893,8083.6359999999995,280.224,124912.829,704.7669999999999,140.482,129.661
10/2/2019 22:00,1822.845,5872.638000000001,3617.4640000000004,875.0930000000001,8905.252,7446.922,5486.306,11110.104,2950.0,4790.583,17193.096,3173.6059999999998,2199.735,44.218,2106.467,4514.6990000000005,2507.361,8313.45,672.408,6628.465,4479.271,5772.714,2268.073,7817.795,273.418,121835.351,669.852,138.623,127.89299999999999
10/2/2019 23:00,1788.4560000000001,5684.804,3532.485,848.1110000000001,8808.764000000001,7420.314,5414.303000000001,11133.964,2890.0,4630.653,16680.877,3099.1220000000003,2174.96,42.736000000000004,2075.467,4323.419,2460.46,8281.765,664.2130000000001,6507.75,4347.869000000001,5704.375,2311.883,7566.861999999999,255.579,119614.056,644.24,137.441,126.184
10/3/2019 0:00,1698.342,5426.795999999999,3466.462,803.357,8477.261999999999,7117.474,5168.767,11125.211000000001,2794.0,4489.599,15790.211000000001,2918.511,2094.053,39.121,1937.852,3960.1059999999998,2355.804,8048.539000000001,661.6410000000001,6233.383000000001,4137.8640000000005,5438.289000000001,2251.384,7102.423000000001,233.512,114677.42599999999,598.901,131.893,119.669
10/3/2019 1:00,1570.236,5033.954000000001,3319.131,755.0369999999999,7992.632,6697.318,4804.777,10884.876,2653.0,4206.635,14670.898000000001,2683.967,1979.361,35.489000000000004,1823.77,3569.1859999999997,2214.047,7604.175,632.345,5835.118,3860.408,5091.342000000001,2131.763,6591.51,209.707,107675.52,535.376,121.72,110.742
10/3/2019 2:00,1438.7420000000002,4646.95,3168.655,701.279,7384.314,6085.456999999999,4417.638,10428.349,2451.0,3867.4159999999997,13395.018999999998,2435.51,1849.235,30.862,1615.559,3126.285,2038.138,7091.848000000001,582.505,5332.766,3593.151,4670.831,1990.0929999999998,5947.0019999999995,183.37599999999998,99195.875,462.93,108.36399999999999,101.601
10/3/2019 3:00,1301.127,4296.934,2941.702,647.756,6831.155,5617.571999999999,4010.758,9823.26,2246.0,3558.472,12259.313,2234.5570000000002,1722.099,28.87,1444.076,2726.2729999999997,1864.781,6527.37,531.225,4851.878,3302.676,4319.106,1877.104,5364.918000000001,159.876,91130.285,404.51199999999994,95.462,93.45299999999999
10/3/2019 4:00,1186.511,3977.34,2789.862,598.486,6361.144,5270.321999999999,3709.298,9269.987,2077.0,3310.822,11368.296999999999,2047.525,1615.049,26.219,1334.856,2427.038,1743.376,6098.765,495.94199999999995,4490.087,3063.343,4025.22,1757.969,4887.897,139.809,84654.776,363.921,87.073,86.618
10/3/2019 5:00,1094.485,3782.067,2704.967,570.124,5962.446999999999,5026.619000000001,3514.6820000000002,8873.666,1953.0,3106.155,10760.043,1954.119,1537.105,25.214000000000002,1232.403,2224.3070000000002,1648.713,5885.651999999999,484.185,4173.668,2944.32,3811.1440000000002,1689.701,4504.621,127.973,80134.017,337.918,81.775,82.944
10/3/2019 6:00,1038.599,3632.002,2621.855,546.569,5764.044,4905.527,3379.6259999999997,8611.796999999999,1858.0,2946.048,10312.143,1884.7279999999998,1489.9229999999998,24.744,1147.003,2073.158,1574.694,5697.64,462.18800000000005,3897.297,2850.6479999999997,3670.038,1633.1860000000001,4210.492,121.389,76874.09700000001,323.089,79.139,79.531
10/3/2019 7:00,985.7510000000001,3537.862,2627.51,532.217,5615.757,4795.085999999999,3283.651,8374.027,1799.0,2848.316,10074.056999999999,1825.514,1452.109,24.237,1125.525,1991.3210000000001,1542.925,5615.139,456.836,3742.883,2786.672,3573.347,1618.415,4038.527,117.462,74892.219,317.084,76.72,76.26899999999999
10/3/2019 8:00,961.439,3565.525,2569.9,527.663,5614.031,4827.416,3290.305,8277.02,1794.0,2838.5,10140.984,1810.999,1462.4460000000001,24.238000000000003,1123.667,1957.067,1546.2060000000001,5698.803000000001,460.871,3727.3979999999997,2828.724,3567.508,1631.999,3992.21,116.78399999999999,74872.86099999999,326.04,77.63600000000001,75.482
10/3/2019 9:00,996.872,3719.917,2743.8309999999997,535.918,5887.65,5003.323,3475.2490000000003,8497.695,1872.0,2944.9829999999997,10629.208999999999,1892.701,1543.8029999999999,25.263,1175.088,2059.57,1635.5520000000001,5954.446999999999,481.18300000000005,3905.361,3001.6290000000004,3786.532,1740.651,4114.505999999999,123.21600000000001,78303.005,354.277,84.64,78.939
10/3/2019 10:00,1063.759,4035.672,3057.639,569.9590000000001,6355.939,5365.17,3850.5029999999997,9132.282,2075.0,3181.8940000000002,11557.926000000001,2074.084,1679.525,28.428,1294.729,2275.705,1787.259,6556.65,523.198,4189.917,3352.3920000000003,4199.3,1954.1270000000002,4473.781,137.373,85389.945,395.02099999999996,97.57,84.14299999999999
10/3/2019 11:00,1089.578,4147.556,3199.94,584.422,6606.767,5616.189,3972.07,10153.051,2179.0,3310.316,12035.963,2117.746,1763.5179999999998,30.336,1325.3729999999998,2402.919,1857.3310000000001,6969.429,549.965,4413.573,3554.6679999999997,4404.814,2055.44,4720.25,151.852,89851.85800000001,406.23400000000004,104.712,86.846
10/3/2019 12:00,1091.94,4262.08,3241.255,605.4540000000001,6804.429,5804.107,3948.739,10755.893,2221.0,3398.95,12309.798999999999,2121.129,1796.317,31.93,1329.701,2442.4320000000002,1853.4579999999999,7129.411999999999,563.097,4419.619000000001,3609.458,4431.563,2055.9429999999998,4827.897,159.765,91861.367,404.509,106.594,87.897
10/3/2019 13:00,1085.606,4500.959,3354.295,634.02,7134.59,6047.804,3914.761,11024.403,2358.0,3629.616,12871.351,2128.95,1918.2720000000002,32.994,1430.628,2440.995,1864.963,7392.647,582.965,4474.304,3628.643,4425.18,2086.291,4892.915,163.803,94673.79699999999,412.222,108.484,87.13600000000001
10/3/2019 14:00,1078.78,4880.871,3363.613,689.689,7656.467,6297.257,3898.429,11169.311000000002,2493.0,3916.5359999999996,13542.028,2133.345,2044.2939999999999,32.977,1561.2179999999998,2457.157,1876.226,7742.928000000001,618.129,4460.931,3635.304,4487.6140000000005,2127.87,4919.234,167.169,97916.95199999999,419.82800000000003,109.08200000000001,87.665
10/3/2019 15:00,1075.478,5296.075,3469.6409999999996,754.2869999999999,8293.315999999999,6605.194,3882.388,11244.108999999999,2639.0,4186.866,14370.668,2122.792,2141.6420000000003,33.485,1693.431,2473.85,1871.8329999999999,8168.771,666.051,4458.374,3629.907,4489.229,2145.551,4905.032,167.05700000000002,101460.231,426.004,109.993,87.20700000000001
10/3/2019 16:00,1061.51,5663.0380000000005,3325.426,821.605,8715.094000000001,6904.655,3860.079,11373.256000000001,2829.0,4465.494000000001,15251.235,2112.987,2269.535,33.458,1867.501,2428.824,1849.105,8556.822,702.798,4408.835,3629.054,4456.209,2169.893,4861.6759999999995,165.612,104464.77699999999,436.55699999999996,108.38600000000001,85.133
10/3/2019 17:00,1048.741,6001.419,3548.325,880.678,9070.784,7142.974,3850.17,11446.107,2938.0,4687.213,15957.618,2097.606,2361.529,33.006,1997.1960000000001,2416.081,1852.973,8955.57,729.659,4379.128,3644.4640000000004,4468.065,2238.43,4873.067,164.95,107491.362,448.855,108.323,86.431
10/3/2019 18:00,1043.251,6265.278,3697.205,920.451,9165.646999999999,7322.526999999999,3811.309,11526.693000000001,2982.0,4808.1140000000005,16450.492,2093.149,2405.605,32.974000000000004,2048.6020000000003,2426.275,1805.516,9039.981,747.068,4326.217000000001,3654.9359999999997,4423.068,2181.9179999999997,4827.498,162.315,108887.93,468.727,107.141,84.973
10/3/2019 19:00,1041.705,6375.339,3255.1409999999996,944.0239999999999,9173.449,7358.428000000001,3804.3190000000004,11260.583,2962.0,4842.837,16815.008,2090.945,2416.927,31.869,2172.7129999999997,2437.617,1788.035,8958.215,746.81,4289.414000000001,3681.312,4337.452,2156.599,4807.987,160.923,108658.671,495.147,106.646,86.227
10/3/2019 20:00,1059.083,6403.437,3682.785,942.0110000000001,9027.485,7404.3769999999995,3836.579,11050.032,2920.0,4805.7570000000005,16998.193,2104.089,2402.24,32.486,2215.7,2471.298,1762.774,8807.612,727.4989999999999,4310.701,3717.988,4362.327,2137.437,4804.538,161.404,108916.525,514.064,109.31,86.319
10/3/2019 21:00,1073.568,6336.805,3356.758,925.0930000000001,8870.545,7238.706999999999,3866.853,10851.652,2846.0,4705.427,16753.4,2125.64,2328.763,31.342,2211.6929999999998,2522.038,1776.21,8486.654,702.7,4385.920999999999,3673.73,4378.974,2144.534,4822.459,162.214,107353.66900000001,519.278,111.277,86.434
10/3/2019 22:00,1126.568,6063.941,3272.736,879.01,8494.233,7040.384,3924.139,10625.881000000001,2697.0,4544.859,16132.472,2169.938,2223.64,31.369,2146.15,2604.619,1806.935,8088.8859999999995,666.127,4390.681,3577.74,4422.595,2136.351,4887.625,166.05,104879.29400000001,503.866,114.041,87.458
10/3/2019 23:00,1152.603,5867.138000000001,3262.304,843.091,8218.232,6997.51,4016.5229999999997,10687.053999999998,2558.0,4333.366,15719.983999999999,2213.35,2178.9570000000003,31.373,2028.93,2615.257,1833.194,8035.757,656.712,4414.894,3582.73,4450.0070000000005,2169.028,4928.204000000001,165.405,103719.082,508.22900000000004,114.87200000000001,88.37799999999999
10/4/2019 0:00,1131.1480000000001,5620.388000000001,3113.824,813.944,7900.25,6727.335999999999,3929.7529999999997,10760.964,2458.0,4169.281,15031.697,2155.139,2106.6710000000003,30.346999999999998,1992.981,2537.127,1790.7079999999999,7709.4130000000005,638.014,4330.825,3475.157,4341.837,2154.7110000000002,4806.14,160.02100000000002,100624.976,491.67199999999997,111.846,85.78200000000001
10/4/2019 1:00,1066.819,5279.041,2985.092,767.9110000000001,7281.693,6345.307,3753.531,10475.976999999999,2263.0,3816.316,13987.67,2050.795,1956.6589999999999,28.329,1857.479,2393.375,1705.219,7226.066,596.679,4163.045999999999,3291.884,4121.3240000000005,2035.3,4611.630999999999,151.966,94897.06300000001,452.608,105.566,81.78
10/4/2019 2:00,992.153,4833.089,2781.438,719.8969999999999,6602.374,5810.595,3482.012,10002.211,2030.0,3440.062,12825.783000000001,1896.735,1765.713,25.739,1687.124,2189.839,1584.736,6687.733,534.389,3863.0570000000002,3094.9390000000003,3845.933,1862.795,4327.37,139.128,87640.82199999999,402.49300000000005,94.859,76.626
10/4/2019 3:00,931.883,4465.459,2552.975,659.6619999999999,5915.437,5333.931,3208.972,9305.684000000001,1855.0,3111.158,11710.048,1754.733,1609.45,23.173000000000002,1518.7620000000002,2017.336,1482.763,6118.227,485.689,3556.1009999999997,2867.867,3607.177,1759.3029999999999,4022.386,126.964,80556.989,358.184,85.43299999999999,72.232
10/4/2019 4:00,888.0980000000001,4136.37,2543.873,622.682,5457.36,4989.569,2993.218,8688.171999999999,1710.0,2851.8940000000002,10834.47,1634.078,1461.4660000000001,22.143,1358.912,1853.1589999999999,1403.2879999999998,5772.84,455.699,3329.5559999999996,2688.183,3435.8390000000004,1644.19,3792.509,117.616,75190.427,323.631,78.87,68.742
10/4/2019 5:00,831.814,3913.482,2426.399,589.994,5103.9529999999995,4729.123,2844.156,8264.364,1601.0,2638.027,10376.425,1567.0729999999999,1372.066,20.604,1258.047,1775.7910000000002,1363.54,5459.409000000001,429.36699999999996,3208.619,2576.616,3310.2729999999997,1600.106,3668.155,112.804,71521.308,303.385,74.926,66.79
10/4/2019 6:00,818.587,3770.17,2420.804,562.55,4907.424,4587.313,2766.381,7986.321,1527.0,2492.8,9961.741,1521.52,1305.356,20.639,1202.006,1724.112,1332.371,5282.267,419.94599999999997,3125.813,2498.447,3242.112,1573.3129999999999,3552.547,110.383,69177.298,293.302,73.604,65.469
10/4/2019 7:00,804.607,3695.8390000000004,2416.325,552.4159999999999,4799.549,4486.088,2724.815,7808.429,1488.0,2387.339,9807.951,1517.9479999999999,1246.905,20.135,1101.819,1707.065,1329.3570000000002,5250.378000000001,407.8,3102.841,2476.652,3243.51,1560.402,3525.047,109.56299999999999,68035.687,291.649,72.279,64.979
10/4/2019 8:00,808.347,3696.115,2438.715,550.626,4770.94,4461.017,2769.76,7768.008000000001,1495.0,2348.775,9927.715,1542.611,1243.748,21.136999999999997,1074.317,1736.525,1364.869,5297.951,405.663,3104.455,2535.498,3270.7459999999996,1588.408,3573.526,111.52799999999999,68375.953,300.377,73.592,65.984
10/4/2019 9:00,849.882,3816.945,2590.018,554.105,4940.762,4592.496,2935.238,7920.359,1558.0,2428.321,10410.349,1647.964,1301.519,21.613000000000003,1149.937,1857.609,1467.295,5557.803000000001,417.726,3376.614,2699.119,3503.348,1686.8929999999998,3767.131,118.566,71680.573,326.933,80.02199999999999,70.006
10/4/2019 10:00,951.815,4100.548,2842.555,574.451,5395.825,4992.327,3230.841,8508.52,1723.0,2642.1220000000003,11243.985,1831.067,1393.68,25.221999999999998,1234.636,2112.427,1614.105,6083.01,470.55,3765.0029999999997,2947.982,4015.028,1854.348,4114.1,133.393,78370.858,368.827,94.11200000000001,75.37899999999999
10/4/2019 11:00,947.577,4253.532999999999,2990.6490000000003,588.794,5610.441,5132.792,3319.093,9442.404,1817.0,2767.56,11758.415,1868.769,1440.98,26.767,1267.6480000000001,2221.851,1685.121,6460.67,498.55699999999996,3963.772,3052.836,4190.044,1945.88,4405.028,147.838,82396.704,378.236,100.27600000000001,76.173
10/4/2019 12:00,921.0889999999999,4327.138,2968.645,594.375,5668.281,5198.609,3370.469,9941.118,1839.0,2767.355,11880.444,1870.3310000000001,1483.317,28.361,1256.36,2212.6639999999998,1711.37,6600.034000000001,515.7909999999999,4066.143,3106.2,4224.321,1982.03,4447.928,154.491,83723.454,370.87300000000005,104.42399999999999,71.293
10/4/2019 13:00,870.367,4474.594,3007.3759999999997,612.149,5763.095,5243.625,3431.45,10223.151,1865.0,2829.665,12112.848999999998,1885.898,1534.8239999999998,29.375,1251.37,2157.988,1733.933,6716.298000000001,515.437,4175.863,3139.5679999999998,4310.363,1983.433,4436.945,157.471,85041.575,373.611,105.98899999999999,65.888
10/4/2019 14:00,828.6360000000001,4674.032999999999,3057.69,639.393,5890.4890000000005,5367.781999999999,3489.054,10361.017,1894.0,2914.446,12553.188999999998,1909.151,1550.1170000000002,29.344,1260.731,2181.833,1759.491,6834.898,524.655,4239.806,3182.947,4332.693,2010.56,4494.920999999999,158.53,86733.024,382.32300000000004,106.48100000000001,62.81399999999999
10/4/2019 15:00,827.6010000000001,4912.983,3052.7309999999998,667.278,5943.701,5400.371,3504.067,10485.116,1906.0,2975.466,12781.233999999999,1920.7160000000001,1575.01,30.357,1220.024,2127.916,1764.64,6845.098000000001,519.165,4277.537,3223.6409999999996,4350.812,2014.622,4425.235,154.887,87512.991,393.43699999999995,106.594,63.751999999999995
10/4/2019 16:00,834.178,5087.222,3056.095,686.836,5987.566999999999,5424.87,3545.946,10497.716,1921.0,3001.2209999999995,13005.595,1945.6889999999999,1572.62,30.851,1370.769,2067.611,1738.161,6749.632,507.287,4277.235,3248.1479999999997,4310.974,1984.0410000000002,4322.15,152.153,87945.79199999999,407.44599999999997,106.214,68.565
10/4/2019 17:00,831.9110000000001,5249.416,3050.58,712.7660000000001,6031.704000000001,5469.418000000001,3597.345,10461.402,1929.0,3063.798,13300.437,1974.8429999999998,1564.7910000000002,30.85,1398.297,2077.15,1736.44,6805.609,506.35,4244.292,3293.067,4261.188,1962.249,4318.2390000000005,152.892,88659.40400000001,419.844,105.604,67.922
10/4/2019 18:00,837.8389999999999,5362.816,3005.388,726.1410000000001,6024.56,5470.031,3653.764,10460.223,1930.0,3108.935,13546.862,2000.515,1521.9260000000002,31.897,1433.896,2100.71,1702.836,6745.084,492.19199999999995,4190.286,3336.261,4216.947,1928.604,4363.523,154.088,88989.36099999999,434.286,104.415,66.336
10/4/2019 19:00,887.914,5345.904,3001.913,741.0360000000001,5963.91,5478.326999999999,3701.031,10326.333,1898.0,3150.8390000000004,13627.819,2014.989,1512.214,31.37,1472.73,2164.393,1684.675,6580.213000000001,486.092,4146.468,3377.885,4134.322,1892.71,4396.0509999999995,151.865,88827.317,449.231,103.47399999999999,67.609
10/4/2019 20:00,941.31,5354.5869999999995,2949.2670000000003,730.568,5909.39,5457.74,3729.782,10204.025,1895.0,3150.9179999999997,13537.811000000002,2018.891,1489.8570000000002,30.38,1502.099,2247.9,1655.274,6509.283,464.407,4081.512,3401.442,4132.941,1881.9,4439.465,151.466,88533.79800000001,457.64300000000003,103.62,71.32
10/4/2019 21:00,977.935,5238.378,2920.434,704.6619999999999,5793.935,5368.269,3667.239,10128.174,1866.0,3091.453,13155.586000000001,1999.045,1452.3410000000001,28.844,1490.997,2311.076,1631.388,6398.023,446.721,4026.395,3317.607,4078.5409999999997,1854.832,4505.32,151.54,87270.29400000001,449.088,103.818,76.653
10/4/2019 22:00,1010.28,4947.74,2829.627,662.442,5650.753000000001,5209.017,3465.328,10064.789,1809.0,2950.3459999999995,12439.195,1933.207,1406.89,27.256,1419.8670000000002,2400.381,1616.261,6340.844,451.108,3929.821,3108.423,4053.8459999999995,1831.5479999999998,4551.4220000000005,154.986,84904.42599999999,416.629,107.01,79.41
10/4/2019 23:00,1029.655,4747.839,2908.5170000000003,640.678,5675.15,5194.274,3398.236,10193.785,1789.0,2874.0840000000003,12130.74,1921.3229999999999,1406.378,25.72,1370.8410000000001,2436.1479999999997,1636.819,6448.433000000001,450.98,3943.505,3002.765,4133.849,1897.017,4638.798,158.118,84688.51199999999,407.49800000000005,110.069,80.293
10/5/2019 0:00,1018.3919999999999,4585.147,2798.132,616.971,5611.4,5062.401,3222.54,10249.318000000001,1779.0,2815.1890000000003,11456.588,1842.372,1381.381,24.246,1349.34,2375.585,1585.969,6276.081999999999,457.11,3845.591,2799.0409999999997,4026.349,1840.765,4510.894,153.789,82291.448,383.785,109.338,77.733
10/5/2019 1:00,950.076,4339.527,2771.558,597.181,5379.793000000001,4829.576,3039.1479999999997,10075.823,1707.0,2736.748,10793.785,1730.9370000000001,1333.737,22.12,1217.529,2254.986,1529.983,6046.883000000001,454.815,3693.8509999999997,2587.948,3872.9570000000003,1763.36,4339.535,147.458,78778.25200000001,348.777,105.572,73.589
10/5/2019 2:00,880.439,4034.1420000000003,2637.552,572.349,5075.723,4523.615,2819.745,9700.54,1591.0,2578.158,9949.431,1613.52,1263.619,20.624000000000002,1189.154,2083.186,1436.586,5848.013000000001,442.191,3451.136,2403.308,3629.657,1676.24,4096.771,136.841,74165.34700000001,312.676,98.383,68.748
10/5/2019 3:00,817.073,3696.7459999999996,2455.132,540.518,4708.7609999999995,4250.029,2603.806,9191.360999999999,1463.0,2399.136,9289.732,1482.031,1181.7839999999999,18.484,1019.6060000000001,1909.671,1333.602,5455.635,402.08,3226.3140000000003,2240.104,3384.3720000000003,1566.68,3823.042,125.212,69041.692,276.182,88.431,64.168
10/5/2019 4:00,771.325,3487.2490000000003,2371.888,511.93300000000005,4428.897,4000.518,2427.446,8599.918,1368.0,2250.009,8569.71,1385.381,1129.145,17.02,1025.36,1781.3020000000001,1251.1589999999999,5171.997,391.876,3011.08,2090.494,3189.865,1508.1979999999999,3601.9240000000004,116.00399999999999,64879.072,248.863,82.56,60.951
10/5/2019 5:00,717.9739999999999,3324.656,2358.312,490.361,4282.715999999999,3913.403,2304.617,8218.940999999999,1300.0,2146.446,8136.7480000000005,1321.511,1094.825,15.989,971.0089999999999,1687.61,1202.7069999999999,5024.463,368.599,2887.5159999999996,1961.336,3079.9,1446.868,3463.323,110.344,62223.59099999999,230.032,78.734,58.651
10/5/2019 6:00,708.0139999999999,3241.934,2239.246,480.72900000000004,4182.188,3802.37,2227.85,7938.976,1265.0,2088.939,7860.517,1287.441,1068.746,15.468,936.5169999999999,1664.658,1181.483,4902.906,374.01300000000003,2792.64,1932.261,3008.366,1417.914,3352.2909999999997,107.405,60456.635,219.565,76.02199999999999,57.176
10/5/2019 7:00,689.8860000000001,3194.437,2283.585,473.968,4132.714,3738.4970000000003,2196.126,7780.161,1245.0,2035.523,7678.036,1273.978,1057.563,15.495999999999999,893.622,1623.3110000000001,1175.445,4812.655,373.224,2755.508,1858.7379999999998,3016.7129999999997,1417.894,3311.8790000000004,106.805,59514.684,214.96599999999998,75.545,56.409
10/5/2019 8:00,702.1410000000001,3204.597,2181.425,474.889,4138.5470000000005,3834.472,2196.8379999999997,7631.495,1243.0,2023.092,7683.2609999999995,1280.38,1059.2060000000001,15.995,916.795,1609.3039999999999,1191.597,4858.149,373.778,2770.308,1849.211,3068.692,1425.997,3300.533,107.152,59517.91099999999,216.713,76.896,56.448
10/5/2019 9:00,715.367,3238.988,2334.585,488.99800000000005,4214.492,3922.532,2254.92,7729.626,1280.0,2050.698,7838.234,1314.0839999999998,1084.052,15.969000000000001,927.043,1663.211,1219.6,4950.057,384.88,2844.33,1901.3970000000002,3173.1040000000003,1478.6860000000001,3380.8459999999995,109.97200000000001,60908.894,223.84599999999998,80.65899999999999,57.718
10/5/2019 10:00,760.377,3314.759,2358.139,498.85900000000004,4366.187,4058.5209999999997,2373.8720000000003,7977.36,1332.0,2139.978,8091.439,1378.7320000000002,1120.863,17.518,947.471,1774.356,1291.019,5120.608,397.81199999999995,2999.639,1933.376,3377.958,1551.779,3510.5290000000005,116.098,63230.91,240.543,88.80799999999999,59.31
10/5/2019 11:00,773.164,3389.26,2492.475,502.506,4561.894,4216.196,2459.859,8344.837,1398.0,2224.811,8419.97,1438.68,1147.763,18.988,985.0939999999999,1848.444,1359.06,5376.87,424.306,3151.176,2069.525,3581.5440000000003,1635.244,3590.8520000000003,121.34700000000001,65978.774,260.867,93.73299999999999,59.309
10/5/2019 12:00,774.808,3526.348,2485.815,519.617,4759.956,4408.081,2596.263,8511.886,1460.0,2312.522,8790.464,1514.145,1177.24,20.108,1039.9160000000002,1870.842,1442.715,5593.496999999999,443.05,3358.0559999999996,2170.781,3744.12,1709.412,3635.067,126.867,68466.052,282.235,102.323,54.918
10/5/2019 13:00,735.86,3646.2140000000004,2566.7129999999997,533.559,4916.365,4499.697,2657.6659999999997,8866.509,1506.0,2430.33,9086.665,1526.6729999999998,1231.006,21.099,1104.976,1803.775,1462.424,5696.619000000001,451.325,3494.421,2248.726,3812.583,1746.5439999999999,3583.741,127.359,70223.481,283.58299999999997,104.655,48.394
10/5/2019 14:00,676.1360000000001,3733.551,2546.157,544.741,5012.126,4497.278,2677.623,9045.425,1537.0,2474.801,9339.207,1519.2379999999998,1254.647,20.622,1163.112,1734.095,1461.09,5808.9490000000005,441.026,3560.312,2288.3089999999997,3844.836,1762.515,3536.395,126.303,71066.273,279.78700000000003,104.515,44.477
10/5/2019 15:00,670.552,3781.617,2530.127,554.9119999999999,5065.371,4478.272,2663.284,9183.871,1549.0,2532.346,9464.958,1504.911,1278.067,20.592,1128.316,1667.385,1446.66,5810.6759999999995,455.329,3562.79,2296.907,3759.3309999999997,1740.586,3476.4309999999996,123.62299999999999,71200.50099999999,278.637,102.148,42.802
10/5/2019 16:00,659.9110000000001,3826.5240000000003,2602.031,576.288,5107.25,4448.815,2648.3790000000004,9215.64,1559.0,2591.43,9493.93,1493.32,1282.756,21.093000000000004,1097.21,1624.2979999999998,1412.181,5762.303000000001,450.711,3530.756,2359.387,3670.011,1708.691,3421.5170000000003,121.045,71141.39,286.737,99.84899999999999,43.327
10/5/2019 17:00,650.068,3869.1820000000002,2548.187,603.099,5159.593,4454.094,2660.8259999999996,9209.064,1576.0,2635.633,9538.578000000001,1495.76,1271.063,21.129,1208.138,1619.714,1397.45,5714.246,443.63,3512.925,2299.4970000000003,3634.125,1674.476,3409.631,119.736,71178.633,282.95099999999996,97.37,43.468
10/5/2019 18:00,663.427,3950.815,2564.234,634.7819999999999,5236.673,4477.467000000001,2671.867,9120.93,1595.0,2695.812,9527.41,1501.7620000000002,1288.393,21.615,1367.683,1630.665,1370.11,5680.347,439.352,3494.173,2326.657,3584.7470000000003,1637.1889999999999,3439.2709999999997,119.885,71497.967,287.473,95.26299999999999,45.965
10/5/2019 19:00,713.2130000000001,4027.203,2544.609,641.399,5317.2,4528.93,2712.1540000000005,9100.765,1623.0,2782.4790000000003,9583.633,1522.618,1293.634,21.625999999999998,1469.838,1704.576,1363.594,5784.735,432.339,3486.41,2324.6910000000003,3575.812,1643.531,3539.52,121.897,72327.886,297.675,94.163,47.641999999999996
10/5/2019 20:00,802.1110000000001,4056.132,2557.181,661.944,5439.4490000000005,4593.185,2772.812,9106.95,1660.0,2871.8520000000003,9622.879,1569.878,1303.165,21.615,1576.808,1829.155,1379.714,5733.2919999999995,433.811,3499.5759999999996,2348.769,3620.21,1637.4360000000001,3676.812,125.72,73389.67599999999,306.467,94.53299999999999,54.22
10/5/2019 21:00,856.89,4042.676,2570.812,669.571,5501.0,4648.403,2837.862,9236.388,1686.0,2913.935,9697.04,1623.5510000000002,1308.0539999999999,21.611,1605.344,1985.13,1393.295,5761.656,446.45300000000003,3540.386,2393.5660000000003,3658.329,1659.8829999999998,3891.4190000000003,130.785,74591.446,318.44599999999997,95.714,63.247
10/5/2019 22:00,930.623,4003.437,2607.038,655.261,5475.293000000001,4657.116,2887.678,9379.123,1673.0,2880.785,9942.985999999999,1671.994,1302.866,22.096999999999998,1610.734,2137.08,1423.269,5780.331,439.99699999999996,3591.08,2415.051,3722.0890000000004,1694.964,4081.5229999999997,137.717,75649.083,325.97900000000004,97.844,68.128
10/5/2019 23:00,976.945,4038.187,2622.598,649.145,5530.155,4760.195,3005.1240000000003,9550.882,1674.0,2850.6209999999996,10127.55,1732.2,1334.1970000000001,22.601999999999997,1557.756,2226.22,1478.558,6010.7609999999995,462.458,3705.239,2480.853,3854.8590000000004,1740.5529999999999,4253.537,143.934,77337.2,340.606,103.302,70.163
10/6/2019 0:00,971.0060000000001,3942.2259999999997,2708.5440000000003,639.984,5436.195,4670.863,2954.039,9516.257,1653.0,2802.05,10009.798,1690.15,1318.733,22.141,1498.0829999999999,2189.3179999999998,1449.306,5937.054,443.509,3631.445,2458.2,3779.888,1727.745,4199.13,142.44899999999998,76327.122,333.686,103.34299999999999,68.98
10/6/2019 1:00,932.0360000000001,3777.147,2613.945,614.2180000000001,5223.1359999999995,4507.079000000001,2843.263,9307.269,1577.0,2691.5490000000004,9618.374,1615.394,1272.557,20.594,1387.408,2104.548,1392.986,5817.130999999999,435.05699999999996,3519.803,2386.252,3654.1890000000003,1660.136,4086.688,137.857,73710.317,316.04200000000003,99.06700000000001,66.592
10/6/2019 2:00,862.423,3565.0159999999996,2492.729,578.729,4976.396,4253.749,2704.223,9061.423,1492.0,2555.3360000000002,9207.308,1526.5079999999998,1219.985,19.634,1286.154,1985.0520000000001,1321.6879999999999,5496.773,415.352,3358.4159999999997,2267.179,3460.53,1581.369,3920.132,130.447,70220.47200000001,293.733,92.535,63.653
10/6/2019 3:00,824.451,3371.344,2278.808,552.0830000000001,4689.234,4039.8259999999996,2546.7929999999997,8693.454,1391.0,2382.673,8732.356,1424.483,1166.984,18.02,1189.101,1831.899,1244.366,5194.869000000001,389.352,3156.1620000000003,2155.615,3274.7459999999996,1482.2220000000002,3713.033,121.535,66310.17,268.063,86.31200000000001,60.386
10/6/2019 4:00,767.048,3218.505,2236.7960000000003,518.5509999999999,4463.056,3831.4559999999997,2410.4629999999997,8291.074,1313.0,2261.386,8284.954,1342.921,1115.578,16.999000000000002,1102.752,1710.366,1186.792,4932.65,369.50300000000004,2997.321,2074.703,3107.4120000000003,1438.9979999999998,3533.821,113.439,63059.347,245.97299999999998,80.613,57.217
10/6/2019 5:00,733.148,3109.739,2232.798,492.411,4295.605,3730.7009999999996,2310.0370000000003,7955.455,1269.0,2179.179,7924.905,1291.606,1082.3039999999999,16.007,1056.7939999999999,1626.632,1138.728,4727.217000000001,358.219,2888.24,1962.4489999999998,3003.4629999999997,1402.155,3394.235,108.719,60687.179000000004,231.93900000000002,76.99,55.504
10/6/2019 6:00,707.076,3045.833,2166.979,483.619,4208.248,3657.23,2250.527,7730.695,1259.0,2114.598,7761.33,1260.355,1062.483,15.997,997.6030000000001,1585.4160000000002,1120.722,4659.019,348.355,2816.737,1926.984,2931.405,1380.035,3298.728,106.06,59281.237,223.28099999999998,74.444,54.478
10/6/2019 7:00,704.3510000000001,3013.56,2093.379,473.53,4132.502,3625.844,2216.656,7491.69,1233.0,2085.315,7647.911,1244.185,1042.917,15.487,986.6039999999999,1565.244,1109.269,4648.589,351.219,2767.1540000000005,1917.838,2906.228,1349.905,3247.2090000000003,104.904,58353.46599999999,218.642,73.574,53.76
10/6/2019 8:00,708.762,3009.387,2170.55,470.87300000000005,4126.648,3630.4309999999996,2222.652,7434.805,1233.0,2066.3360000000002,7662.181,1257.113,1054.042,16.031,1007.383,1564.799,1118.112,4637.411,350.25,2777.7209999999995,1862.739,2930.658,1348.1960000000001,3253.458,105.181,58400.126,220.155,73.217,54.035
10/6/2019 9:00,716.9689999999999,3067.8390000000004,2198.847,475.81800000000004,4165.811,3664.659,2263.195,7403.170999999999,1245.0,2080.468,7716.194,1282.375,1065.372,16.493,1002.135,1606.7579999999998,1139.371,4694.521,361.517,2837.7140000000004,1928.406,2986.177,1387.816,3285.013,105.979,59088.345,225.715,75.142,54.87
10/6/2019 10:00,753.1039999999999,3148.885,2242.1910000000003,481.648,4310.541,3776.0370000000003,2364.011,7468.155,1281.0,2130.651,7983.422,1351.754,1097.781,17.027,1034.772,1677.256,1187.094,4893.753,364.70599999999996,2947.18,1955.964,3133.18,1434.7939999999999,3388.217,109.641,60943.42,239.56599999999997,78.87100000000001,57.218999999999994
10/6/2019 11:00,777.799,3257.4809999999998,2351.1079999999997,493.901,4501.185,3944.2,2456.652,7686.113,1346.0,2218.177,8257.341999999999,1426.234,1126.867,18.525,973.012,1759.132,1258.267,4985.017,373.55400000000003,3061.2990000000004,2040.3039999999999,3310.152,1501.71,3457.1059999999998,113.50200000000001,63143.019,259.759,83.59299999999999,58.028
10/6/2019 12:00,830.2310000000001,3424.843,2413.465,514.252,4727.543,4150.579000000001,2624.5370000000003,7736.446,1403.0,2300.951,8833.749,1531.406,1175.7089999999998,20.63,1039.901,1883.101,1334.0510000000002,5167.948,399.88599999999997,3264.695,2162.197,3515.2509999999997,1595.507,3606.901,120.512,66272.807,289.012,90.385,60.119
10/6/2019 13:00,854.8889999999999,3585.355,2469.484,536.99,4957.534000000001,4344.357,2782.355,8028.116999999999,1477.0,2455.672,9326.204,1624.77,1226.385,21.625,1105.836,1985.336,1393.481,5408.731,411.57,3458.092,2317.413,3677.558,1667.05,3749.015,126.62899999999999,69512.144,314.732,96.26700000000001,61.696999999999996
10/6/2019 14:00,868.8580000000001,3644.6690000000003,2532.558,546.4730000000001,5138.254,4441.7429999999995,2892.863,8282.835,1549.0,2616.286,9652.216,1669.068,1277.348,23.139,1190.511,2030.575,1436.81,5589.515,428.401,3593.98,2391.488,3762.833,1681.874,3883.177,129.937,71787.437,328.668,100.096,60.262
10/6/2019 15:00,887.632,3673.2740000000003,2518.955,550.0409999999999,5271.2080000000005,4497.045999999999,2991.739,8544.485999999999,1607.0,2729.237,9834.139000000001,1710.2179999999998,1315.0970000000002,23.116,1255.256,2041.4470000000001,1459.088,5740.478,429.23900000000003,3722.551,2466.331,3830.3709999999996,1716.8529999999998,3955.732,131.622,73441.598,335.171,102.705,64.566
10/6/2019 16:00,877.42,3746.7459999999996,2440.4320000000002,564.124,5412.395,4554.084,3040.125,8659.013,1637.0,2814.4809999999998,9990.096,1731.828,1332.219,23.732,1286.737,2054.732,1480.381,5758.842,416.786,3792.36,2507.578,3873.9440000000004,1758.4279999999999,4022.039,134.429,74456.825,342.05699999999996,104.34700000000001,64.47
10/6/2019 17:00,901.779,3784.514,2501.1620000000003,580.355,5492.17,4558.978,3054.567,8766.987,1637.0,2812.95,10113.95,1739.464,1351.736,23.107,1306.972,2091.136,1480.372,5848.834,437.04,3821.406,2539.811,3848.6659999999997,1722.889,4084.6079999999997,135.842,75187.541,343.324,102.9,67.02199999999999
10/6/2019 18:00,911.452,3832.195,2595.899,604.1030000000001,5508.744000000001,4565.75,3075.6079999999997,8806.431999999999,1620.0,2809.635,10221.558,1746.6029999999998,1353.03,23.719,1280.438,2124.2889999999998,1468.855,5865.276999999999,424.64599999999996,3810.197,2554.223,3849.115,1711.1870000000001,4085.2459999999996,136.849,75550.802,351.335,102.11399999999999,66.303
10/6/2019 19:00,916.63,3861.341,2602.135,619.125,5522.64,4585.8279999999995,3099.268,8854.610999999999,1634.0,2817.801,10383.084,1756.977,1354.131,23.741,1318.7779999999998,2133.488,1482.6989999999998,5930.481,436.059,3828.107,2571.061,3852.991,1688.829,4147.201,138.474,76136.82400000001,357.165,102.74700000000001,67.432
10/6/2019 20:00,950.355,3902.091,2702.2729999999997,626.155,5583.265,4684.093,3165.413,8819.354,1655.0,2832.948,10641.351999999999,1794.47,1375.734,23.708000000000002,1354.945,2198.334,1511.101,5989.052,456.98,3891.9120000000003,2588.6479999999997,3911.475,1730.016,4220.544,140.283,77344.008,368.228,104.868,69.411
10/6/2019 21:00,982.435,3968.2509999999997,2691.085,625.4119999999999,5663.916,4804.337,3252.296,8854.978000000001,1687.0,2841.06,10924.993999999999,1848.922,1408.1729999999998,24.721999999999998,1414.059,2296.065,1544.54,6043.526,464.602,3955.1090000000004,2637.405,3977.0959999999995,1774.616,4316.666,145.526,78756.039,381.592,107.235,70.421
10/6/2019 22:00,1027.222,4014.6490000000003,2616.578,626.664,5706.054,4931.8640000000005,3342.241,8938.524,1690.0,2869.242,11177.332,1910.285,1421.7679999999998,25.206999999999997,1417.986,2409.2129999999997,1563.693,6050.024,474.94699999999995,4058.302,2710.1820000000002,4027.3959999999997,1794.151,4494.026,152.775,80086.046,398.246,109.32,73.155
10/6/2019 23:00,1058.016,4151.3240000000005,2673.532,633.19,5856.236999999999,5042.762,3462.5229999999997,9314.622,1732.0,2912.657,11487.162,1953.531,1448.2479999999998,25.721,1437.317,2440.98,1598.951,6305.357,480.999,4125.344,2795.635,4077.45,1845.785,4582.726,156.34799999999998,82259.808,413.61800000000005,110.471,75.30199999999999
10/7/2019 0:00,1035.297,4103.55,2734.836,631.016,5787.78,4990.456,3404.45,9400.471,1704.0,2871.633,11237.556,1911.1879999999999,1429.7020000000002,25.221999999999998,1425.2320000000002,2380.825,1563.2420000000002,6243.385,483.792,4036.54,2781.4790000000003,3966.886,1806.254,4517.399,152.14,81273.968,403.957,106.734,74.946
10/7/2019 1:00,990.927,3942.4990000000003,2732.3320000000003,607.3009999999999,5537.556,4781.145,3251.143,9273.95,1636.0,2716.985,10656.773000000001,1806.8210000000001,1371.756,23.734,1358.3410000000001,2249.319,1484.8120000000001,6037.274,460.648,3899.555,2688.9440000000004,3763.627,1746.585,4371.229,144.92700000000002,78136.645,370.04699999999997,98.397,73.018
10/7/2019 2:00,923.678,3748.3,2608.618,567.596,5208.130999999999,4491.602,3023.1420000000003,8932.94,1549.0,2522.451,9967.011999999999,1681.385,1314.855,21.618000000000002,1246.455,2086.882,1387.059,5709.531,437.394,3694.395,2534.299,3525.362,1641.5410000000002,4157.463,134.993,73674.37599999999,329.731,90.361,69.582
10/7/2019 3:00,849.059,3551.744,2495.209,545.3530000000001,4928.312,4223.782,2797.2,8548.341,1488.0,2357.163,9221.409,1549.976,1248.675,20.107,1165.539,1918.5610000000001,1328.625,5380.539000000001,414.27099999999996,3449.0959999999995,2405.686,3329.953,1608.525,3938.013,124.62799999999999,69387.761,292.006,81.768,65.221
10/7/2019 4:00,830.817,3393.26,2459.782,540.898,4715.804,4109.435,2626.191,8104.398,1428.0,2242.894,8658.653,1467.9370000000001,1173.829,17.993,1071.8339999999998,1795.2020000000002,1276.2839999999999,5177.157,380.569,3221.8990000000003,2257.294,3210.0759999999996,1548.4779999999998,3718.615,117.171,66001.355,265.534,76.461,61.89
10/7/2019 5:00,782.301,3329.026,2417.9770000000003,535.9630000000001,4575.014,4030.078,2520.261,7804.193,1394.0,2148.469,8292.606,1405.781,1142.318,17.987000000000002,1005.217,1713.455,1240.7169999999999,5039.8859999999995,365.63199999999995,3149.5409999999997,2158.752,3129.23,1524.864,3608.337,114.51899999999999,63884.123,248.481,73.21300000000001,60.305
10/7/2019 6:00,763.672,3386.468,2360.42,519.265,4527.087,3998.046,2462.91,7563.428000000001,1367.0,2119.181,8101.439,1384.204,1119.133,17.493,956.686,1676.846,1234.6960000000001,4971.637,355.54699999999997,3073.366,2104.902,3104.8720000000003,1498.2520000000002,3542.651,112.65,62753.346,240.727,71.3,59.468
10/7/2019 7:00,756.942,3279.6220000000003,2299.986,519.355,4509.204000000001,3967.4109999999996,2443.139,7440.460999999999,1369.0,2098.78,8019.325,1380.388,1104.027,17.493,969.404,1674.592,1232.775,4912.758,362.11800000000005,3079.1020000000003,2094.326,3131.059,1490.6889999999999,3533.534,113.088,62220.072,238.965,71.493,59.036
10/7/2019 8:00,771.023,3316.012,2406.678,520.249,4586.012,4079.627,2502.577,7447.354,1396.0,2135.446,8238.526,1416.3410000000001,1113.151,18.000999999999998,978.075,1718.684,1282.746,5062.042,369.64599999999996,3149.803,2178.603,3195.813,1544.7379999999998,3618.961,115.999,63593.633,250.54,72.398,61.588
10/7/2019 9:00,807.183,3497.8990000000003,2457.97,535.804,4870.717000000001,4290.39,2719.893,7670.829000000001,1505.0,2290.4629999999997,8800.865,1536.1370000000002,1188.3319999999999,19.597,1033.866,1869.724,1407.984,5394.715,394.565,3418.795,2405.627,3462.506,1661.395,3858.827,123.376,67693.312,282.358,80.679,66.816
10/7/2019 10:00,928.324,3806.6490000000003,2794.315,569.942,5335.72,4735.021,3092.857,8287.873,1711.0,2549.126,9810.869,1737.787,1306.691,23.101999999999997,1125.607,2134.01,1598.2379999999998,5975.233,439.889,3821.14,2735.824,3985.883,1864.994,4290.253,139.611,75340.87,325.747,94.82799999999999,74.337
10/7/2019 11:00,954.8910000000001,3991.151,2794.995,584.175,5736.632,4986.281,3270.737,9342.959,1832.0,2714.672,10318.791,1813.1270000000002,1372.92,25.235,1170.431,2289.417,1704.815,6418.143,481.776,4109.029,2900.4359999999997,4311.827,1987.7779999999998,4614.842000000001,155.901,80446.658,334.98699999999997,104.09,77.62
10/7/2019 12:00,953.072,4030.245,2911.7090000000003,581.589,5755.076999999999,5025.388,3322.539,9976.395,1849.0,2767.87,10455.619,1859.4489999999998,1401.1729999999998,26.764,1184.44,2358.758,1738.3829999999998,6542.0019999999995,511.426,4226.218,2973.1,4377.432,2006.306,4787.528,164.937,82344.997,331.13599999999997,106.945,77.497
10/7/2019 13:00,956.703,4106.059,2987.486,601.097,5897.394,5110.629,3348.906,10165.405999999999,1890.0,2805.993,10749.178999999998,1922.9070000000002,1436.506,28.873,1151.098,2381.556,1792.444,6677.388000000001,507.764,4313.0779999999995,3022.7,4437.503,2029.694,4900.065,171.11,83965.873,336.227,110.647,74.461
10/7/2019 14:00,949.916,4173.138,3040.7529999999997,606.875,5940.052,5196.359,3448.127,10363.440999999999,1926.0,2853.0290000000005,11205.57,1982.237,1449.835,29.379,1221.492,2431.134,1804.6660000000002,6772.605,525.841,4433.907,3126.528,4516.337,2065.25,4928.365,172.37,85755.332,352.38599999999997,111.65299999999999,76.087
10/7/2019 15:00,958.96,4273.6359999999995,3139.866,605.586,6056.054,5241.166,3567.6479999999997,10583.535,1931.0,2859.759,11643.146999999999,2059.205,1464.726,31.393,1220.905,2528.882,1821.2910000000002,6796.1359999999995,525.344,4536.483,3180.5429999999997,4554.26,2092.978,5053.035,175.687,87527.505,379.301,113.932,76.047
10/7/2019 16:00,988.4860000000001,4328.101,3129.573,619.74,6007.005999999999,5263.835999999999,3636.6620000000003,10724.569,1946.0,2874.1220000000003,12100.695,2120.2110000000002,1476.37,31.874000000000002,1214.729,2568.9429999999998,1821.9879999999998,6788.177,520.703,4588.294,3246.5429999999997,4528.71,2077.641,5166.575,176.118,88577.68800000001,390.023,112.11399999999999,77.885
10/7/2019 17:00,1029.289,4369.03,3160.4709999999995,620.987,5962.224,5247.387,3691.563,10836.666000000001,1941.0,2873.781,12478.313,2178.871,1469.22,33.008,1230.06,2593.783,1811.7579999999998,6780.299,525.653,4641.951,3259.1090000000004,4548.82,2056.019,5199.342000000001,177.298,89370.028,409.74800000000005,111.825,85.553
10/7/2019 18:00,1093.851,4399.229,3090.3579999999997,609.677,5923.524,5223.323,3746.032,10955.278999999999,1920.0,2862.4429999999998,12694.455,2208.673,1449.605,33.475,1224.423,2686.8920000000003,1779.93,6786.062,516.637,4651.566,3330.998,4498.584,2018.25,5294.746,175.421,89850.365,432.75300000000004,110.59700000000001,90.58200000000001
10/7/2019 19:00,1132.14,4368.916,3065.6890000000003,604.347,5889.1140000000005,5182.582,3792.933,10908.611,1885.0,2828.8559999999998,12975.398000000001,2268.709,1428.53,33.455999999999996,1222.598,2760.292,1772.499,6701.828,513.58,4660.979,3321.136,4459.1759999999995,1970.781,5354.581999999999,177.092,89974.18800000001,451.478,109.57700000000001,92.309
10/7/2019 20:00,1179.5910000000001,4380.366,3058.15,597.342,5885.564,5169.786,3839.0609999999997,10857.011999999999,1876.0,2826.5409999999997,13208.97,2291.479,1424.274,32.485,1147.244,2814.6409999999996,1793.4029999999998,6676.52,512.544,4696.3820000000005,3349.845,4438.222,1973.915,5454.090999999999,178.315,90377.326,471.67800000000005,110.306,91.59899999999999
10/7/2019 21:00,1215.067,4355.862,3020.282,607.172,5836.047,5237.642,3911.7129999999997,10762.526000000002,1879.0,2841.592,13229.544,2303.118,1422.039,32.486999999999995,1222.327,2862.796,1809.977,6624.295,515.495,4735.579000000001,3368.281,4486.2570000000005,1981.915,5502.589,179.985,90677.29,483.67199999999997,113.516,94.515
10/7/2019 22:00,1252.062,4330.378,2971.9179999999997,603.785,5903.295999999999,5294.185,3945.5609999999997,10621.383,1863.0,2810.711,12787.411,2322.63,1424.754,31.36,1257.83,2939.059,1828.6,6644.388000000001,518.9680000000001,4777.157999999999,3336.134,4510.43,2002.862,5606.528,185.78900000000002,90505.781,479.735,118.569,95.29700000000001
10/7/2019 23:00,1279.809,4403.563,3023.718,620.97,6091.465999999999,5404.004,4028.0029999999997,10600.048999999999,1899.0,2844.465,12120.146,2358.572,1444.707,31.36,1279.423,2944.315,1803.233,6883.222,536.721,4822.2570000000005,3323.853,4469.992,2044.994,5627.295999999999,183.58900000000003,90818.73,491.082,118.335,95.586
10/8/2019 0:00,1242.695,4346.986,2960.4040000000005,614.0740000000001,6012.653,5271.331,3822.8140000000003,10679.048999999999,1892.0,2850.4309999999996,12541.617,2253.402,1410.484,28.669,1244.445,2805.9,1756.727,6783.201,524.019,4637.151,3180.9240000000004,4300.05,2015.326,5384.63,174.486,89451.29199999999,469.006,114.455,92.363
10/8/2019 1:00,1164.586,4153.986,2954.7509999999997,586.795,5727.972,5022.407,3471.37,10376.349,1791.0,2698.0370000000003,11654.587,2078.519,1355.914,26.241999999999997,1239.097,2598.536,1647.996,6450.196,513.279,4348.7429999999995,2888.594,4081.492,1896.158,5023.609,162.203,84563.015,421.73900000000003,106.79799999999999,87.06
10/8/2019 2:00,1058.677,3920.441,2712.579,564.688,5381.888000000001,4703.144,3112.59,9877.308,1660.0,2513.868,10637.543,1868.231,1261.026,24.94,1144.897,2311.673,1541.888,6043.406999999999,493.11,3943.868,2636.802,3760.158,1773.395,4637.226,147.204,78308.854,364.152,97.01100000000001,80.14
10/8/2019 3:00,963.4989999999999,3705.151,2557.6279999999997,533.22,5097.141,4378.619000000001,2802.301,9201.144,1570.0,2361.617,9681.927,1681.912,1185.026,21.64,1086.548,2064.679,1436.0479999999998,5748.098000000001,456.12699999999995,3623.2059999999997,2408.218,3586.2490000000003,1685.1770000000001,4245.727,132.072,72715.724,310.039,86.07700000000001,72.634
10/8/2019 4:00,867.1060000000001,3497.8259999999996,2499.569,511.756,4858.907999999999,4194.840999999999,2580.763,8602.298,1491.0,2232.629,8989.64,1547.355,1135.197,19.628,994.2539999999999,1882.594,1365.523,5456.515,446.25300000000004,3346.757,2236.261,3400.382,1614.275,3957.039,122.19200000000001,68302.852,272.42,79.262,66.609
10/8/2019 5:00,803.212,3370.264,2493.024,494.452,4729.604,4044.277,2461.215,8200.229,1443.0,2148.257,8562.167,1471.3829999999998,1097.8319999999999,18.009,928.328,1760.3970000000002,1337.77,5317.853,416.57300000000004,3205.2990000000004,2078.0820000000003,3283.867,1556.289,3758.465,116.137,65518.212999999996,250.892,76.586,63.75
10/8/2019 6:00,773.7819999999999,3321.4040000000005,2419.2129999999997,486.89599999999996,4594.164000000001,4027.875,2371.095,7963.335,1398.0,2078.939,8304.838,1417.943,1084.415,16.965999999999998,940.92,1691.808,1303.0539999999999,5237.721,422.12800000000004,3118.153,2034.476,3157.328,1506.122,3640.532,112.12799999999999,63834.39599999999,237.981,74.771,61.409
10/8/2019 7:00,753.1339999999999,3286.961,2389.893,479.05,4559.862,3976.855,2337.214,7770.258000000001,1402.0,2068.919,8223.735999999999,1403.266,1081.989,17.49,928.576,1673.461,1295.607,5129.587,425.43,3055.4970000000003,1998.382,3157.013,1502.2720000000002,3580.6409999999996,110.37700000000001,63011.572,235.13299999999998,73.457,60.512
10/8/2019 8:00,761.8639999999999,3327.948,2389.099,486.245,4635.553,4077.007,2380.172,7718.213000000001,1434.0,2100.2070000000003,8366.059000000001,1421.3529999999998,1087.378,16.995,946.617,1694.849,1339.469,5211.595,419.306,3095.29,2058.777,3211.133,1533.721,3606.0609999999997,112.45299999999999,63852.715,245.252,76.08800000000001,62.011
10/8/2019 9:00,799.698,3478.801,2559.416,502.42800000000005,4902.567,4325.471,2574.121,7915.238,1528.0,2249.889,8833.859,1518.569,1143.28,18.502,1011.8389999999999,1818.599,1446.9189999999999,5590.928000000001,454.595,3293.903,2246.169,3477.869,1663.969,3802.505,119.58200000000001,67737.871,273.575,81.914,66.666
10/8/2019 10:00,904.8919999999999,3816.5840000000003,2913.034,551.135,5476.418000000001,4723.526,2904.491,8546.075,1722.0,2526.3979999999997,9787.551,1702.476,1282.267,22.112,1153.182,2057.315,1607.3239999999998,6171.732,506.684,3691.803,2535.797,3973.639,1881.6970000000001,4193.215999999999,134.033,75304.187,311.098,96.62799999999999,72.08
10/8/2019 11:00,946.596,4004.417,3062.9390000000003,574.982,5682.309,4977.27,3051.643,9563.534,1843.0,2648.1409999999996,10299.46,1780.6570000000002,1366.796,24.208000000000002,1202.182,2221.215,1712.1329999999998,6529.026,536.248,3976.075,2738.2790000000005,4275.795999999999,1995.71,4480.323,149.314,80184.817,323.981,102.40299999999999,76.18
10/8/2019 12:00,946.5189999999999,4020.842,2981.565,574.2919999999999,5785.146,4984.759,3069.013,10073.148000000001,1859.0,2659.759,10411.083,1802.165,1397.7579999999998,25.726999999999997,1164.022,2282.021,1706.2979999999998,6606.345,532.109,4056.298,2759.179,4328.513,2004.578,4603.577,157.692,81338.1,320.561,104.925,77.206
10/8/2019 13:00,940.5110000000001,4059.5359999999996,3010.639,573.531,5815.236999999999,5038.013,3085.4179999999997,10277.657,1871.0,2707.3070000000002,10555.641000000001,1823.389,1415.9779999999998,26.259,1079.542,2310.9120000000003,1716.3239999999998,6665.446,524.201,4025.792,2830.615,4354.5509999999995,1994.519,4679.477,162.033,82084.145,318.401,106.795,77.421
10/8/2019 14:00,942.584,4107.07,3054.7340000000004,577.4209999999999,5925.07,5067.579000000001,3107.07,10487.733999999999,1896.0,2752.309,10652.533000000001,1832.4389999999999,1437.557,26.726,1192.7930000000001,2303.812,1739.934,6788.634,546.192,4088.028,2830.857,4346.249,2016.28,4737.081,161.915,83163.951,321.251,107.65299999999999,77.446
10/8/2019 15:00,944.113,4112.377,3119.405,585.251,5948.399,5094.779,3108.11,10681.408000000001,1916.0,2806.934,10591.976999999999,1829.075,1459.6370000000002,26.715,1189.435,2294.9120000000003,1743.7120000000002,6778.519,544.106,4152.123,2797.607,4381.07,2017.138,4689.398,161.469,83522.202,319.88,108.057,77.596
10/8/2019 16:00,931.0989999999999,4132.55,3075.9040000000005,578.221,6032.2119999999995,5111.741,3088.367,10844.445,1935.0,2847.315,10617.301000000001,1801.243,1462.253,26.223000000000003,1193.008,2249.6420000000003,1735.1070000000002,6804.579000000001,543.368,4130.219,2800.827,4332.929,2010.286,4666.6990000000005,159.409,83652.619,319.253,108.01100000000001,76.408
10/8/2019 17:00,909.0,4134.032999999999,3014.289,593.98,6096.878000000001,5093.144,3072.7309999999998,10925.822,1943.0,2869.255,10573.362,1789.995,1466.138,26.182,1204.323,2214.76,1715.7020000000002,6871.32,543.498,4170.534000000001,2826.176,4330.081,2017.6029999999998,4640.187,159.127,83734.6,314.455,106.926,74.09899999999999
10/8/2019 18:00,903.148,4080.438,3119.7470000000003,584.831,6059.815,5085.155,3081.696,11034.663999999999,1941.0,2904.09,10563.771,1774.307,1475.608,26.241,1221.5639999999999,2213.908,1698.506,6795.585,535.998,4067.098,2824.047,4275.434,1978.7579999999998,4621.602,158.184,83556.811,311.064,104.969,74.583
10/8/2019 19:00,889.806,4072.0,3007.3909999999996,576.33,6043.968000000001,5075.354,3099.1740000000004,11032.822,1925.0,2909.739,10517.098,1774.435,1472.505,25.774,1221.014,2247.96,1694.2839999999999,6720.526999999999,519.942,4038.857,2799.5170000000003,4239.626,1924.7420000000002,4620.499,157.635,83138.777,310.774,104.62799999999999,73.376
10/8/2019 20:00,907.753,4062.883,3020.052,581.561,6074.2519999999995,5019.524,3136.5229999999997,10952.313,1932.0,2918.2859999999996,10594.285,1797.6370000000002,1474.236,25.756,1229.01,2274.572,1682.984,6641.6759999999995,511.066,4081.756,2830.696,4207.74,1910.815,4563.391,157.731,83130.396,321.27099999999996,105.046,75.581
10/8/2019 21:00,946.319,4113.361,2977.764,590.724,6011.438,5074.675,3198.208,10886.203000000001,1922.0,2913.265,10687.808,1841.1670000000001,1445.6029999999998,24.743000000000002,1229.368,2331.369,1701.41,6590.681,515.506,4106.598,2853.235,4210.639,1913.2060000000001,4617.473,157.42,83420.477,340.064,105.49799999999999,76.732
10/8/2019 22:00,1013.0060000000001,4170.6990000000005,3030.085,597.7130000000001,6099.389,5188.139,3307.637,10717.686000000002,1901.0,2855.3790000000004,10861.835,1907.3129999999999,1427.503,25.238000000000003,1263.792,2470.493,1734.3229999999999,6555.988,515.711,4171.285,2808.886,4280.944,1901.07,4771.686,164.69,84328.15800000001,358.713,110.49799999999999,79.457
10/8/2019 23:00,1050.518,4264.147,3053.223,618.159,6173.659000000001,5348.142,3382.708,10709.943000000001,1930.0,2873.671,10973.091999999999,1956.342,1459.461,25.714000000000002,1328.408,2533.513,1782.901,6816.004,527.35,4193.392,2816.742,4386.971,1985.9389999999999,4844.8279999999995,166.877,85813.60800000001,376.079,115.04,80.785
10/9/2019 0:00,1021.5830000000001,4237.21,3055.973,614.87,6136.394,5215.81,3277.552,10761.458,1901.0,2866.809,10638.858999999999,1889.8770000000002,1423.735,24.743000000000002,1357.787,2471.87,1732.517,6734.093000000001,551.837,4080.828,2696.6240000000003,4254.164000000001,1964.511,4723.724,161.265,84394.38699999999,367.251,112.883,78.16
10/9/2019 1:00,963.645,4069.145,2924.66,592.781,5839.625,5023.969,3086.026,10449.372,1810.0,2730.092,10080.882,1768.1960000000001,1360.4720000000002,22.119,1295.8,2330.801,1634.94,6451.146,530.5319999999999,3854.6409999999996,2562.49,4030.345,1870.2720000000002,4495.584,152.03799999999998,80485.901,336.463,105.926,73.939
10/9/2019 2:00,873.938,3803.159,2712.929,559.325,5427.368,4687.457,2847.466,9955.87,1691.0,2547.062,9312.835,1619.729,1257.837,20.12,1135.798,2116.7,1527.411,6038.68,483.315,3585.603,2362.368,3745.21,1746.233,4204.838,139.112,74898.118,295.94599999999997,96.34899999999999,68.46
10/9/2019 3:00,802.49,3618.435,2500.506,530.43,5028.774,4422.973,2598.022,9312.41,1583.0,2341.953,8697.614,1482.104,1169.417,18.497,1031.402,1935.825,1425.2839999999999,5632.344,460.778,3317.574,2179.194,3539.585,1663.5439999999999,3904.928,125.54,69766.3,259.29,85.835,63.552